[
    {
      "id": 1,
      "nome": "Camiseta Básica Branca",
      "descricao": "Camiseta 100% algodão branca.",
      "preco": 29.99,
      "quantidadeEstoque": 100
    },
    {
      "id": 2,
      "nome": "Camiseta Básica Preta",
      "descricao": "Camiseta 100% algodão preta.",
      "preco": 29.99,
      "quantidadeEstoque": 120
    },
    {
      "id": 3,
      "nome": "Notebook Gamer",
      "descricao": "Notebook com processador i7 e 16GB de RAM.",
      "preco": 4999.99,
      "quantidadeEstoque": 20
    },
    {
      "id": 4,
      "nome": "Mouse Óptico USB",
      "descricao": "Mouse com sensor óptico e conexão USB.",
      "preco": 39.99,
      "quantidadeEstoque": 200
    },
    {
      "id": 5,
      "nome": "Teclado Mecânico RGB",
      "descricao": "Teclado com iluminação RGB e switches mecânicos.",
      "preco": 199.99,
      "quantidadeEstoque": 50
    },
    {
      "id": 6,
      "nome": "Smartphone Android 64GB",
      "descricao": "Smartphone com tela de 6.1 polegadas e 64GB de armazenamento.",
      "preco": 1499.99,
      "quantidadeEstoque": 75
    },
    {
      "id": 7,
      "nome": "Fone de Ouvido Bluetooth",
      "descricao": "Fone de ouvido sem fio com conectividade Bluetooth.",
      "preco": 79.99,
      "quantidadeEstoque": 150
    },
    {
      "id": 8,
      "nome": "Relógio de Pulso Digital",
      "descricao": "Relógio resistente à água com mostrador digital.",
      "preco": 99.99,
      "quantidadeEstoque": 90
    },
    {
      "id": 9,
      "nome": "Monitor Full HD 24\"",
      "descricao": "Monitor com resolução Full HD de 24 polegadas.",
      "preco": 799.99,
      "quantidadeEstoque": 30
    },
    {
      "id": 10,
      "nome": "Cadeira Gamer",
      "descricao": "Cadeira ergonômica com ajuste de altura e inclinação.",
      "preco": 999.99,
      "quantidadeEstoque": 25
    },
    {
      "id": 11,
      "nome": "Livro de Ficção Científica",
      "descricao": "Livro com histórias de ficção científica e aventura.",
      "preco": 39.99,
      "quantidadeEstoque": 200
    },
    {
      "id": 12,
      "nome": "Tênis Esportivo",
      "descricao": "Tênis leve e confortável para atividades esportivas.",
      "preco": 249.99,
      "quantidadeEstoque": 60
    },
    {
      "id": 13,
      "nome": "Óculos de Sol",
      "descricao": "Óculos com proteção UV e design moderno.",
      "preco": 119.99,
      "quantidadeEstoque": 80
    },
    {
      "id": 14,
      "nome": "Caixa de Som Bluetooth",
      "descricao": "Caixa de som portátil com conexão Bluetooth.",
      "preco": 199.99,
      "quantidadeEstoque": 100
    },
    {
      "id": 15,
      "nome": "Tablet 10\" Wi-Fi",
      "descricao": "Tablet com tela de 10 polegadas e conexão Wi-Fi.",
      "preco": 899.99,
      "quantidadeEstoque": 40
    },
    {
      "id": 16,
      "nome": "Cafeteira Expresso",
      "descricao": "Cafeteira para preparo de café expresso e cappuccino.",
      "preco": 499.99,
      "quantidadeEstoque": 35
    },
    {
      "id": 17,
      "nome": "Batedeira Planetária",
      "descricao": "Batedeira com tigela inox e várias velocidades.",
      "preco": 299.99,
      "quantidadeEstoque": 70
    },
    {
      "id": 18,
      "nome": "Air Fryer",
      "descricao": "Fritadeira sem óleo com capacidade para 3,5L.",
      "preco": 349.99,
      "quantidadeEstoque": 50
    },
    {
      "id": 19,
      "nome": "Smart TV 50\" 4K",
      "descricao": "Smart TV com resolução 4K e sistema operacional Android.",
      "preco": 2499.99,
      "quantidadeEstoque": 20
    },
    {
      "id": 20,
      "nome": "Bicicleta Mountain Bike",
      "descricao": "Bicicleta com suspensão e 21 marchas para trilhas.",
      "preco": 999.99,
      "quantidadeEstoque": 15
    }
]
  